"","Season","n","mean_Prop_Diff","sd_Prop_Diff","mean_Perc_Diff","sd_Perc_Diff"
"1","Spring",10,-0.000229388349273579,0.000239055512260062,-0.0229388349273579,0.0239055512260062
"2","Summer",7,-0.000582339612726506,0.000683212179954211,-0.0582339612726506,0.0683212179954211
