"","Season","n","mean_Prop_Diff","sd_Prop_Diff","mean_Perc_Diff","sd_Perc_Diff"
"1","Fall",105,-0.000674041848099919,0.00199096580371714,-0.0674041848099919,0.199096580371714
"2","Spring",104,-0.000372404338992592,0.000590015174544264,-0.0372404338992592,0.0590015174544264
"3","Summer",134,-0.000349478833019557,0.00043016186085185,-0.0349478833019557,0.043016186085185
"4","Winter",78,-0.000171314143479252,0.000399616153072108,-0.0171314143479252,0.0399616153072108
