"","Season","n","mean_Prop_Diff","sd_Prop_Diff","mean_Perc_Diff","sd_Perc_Diff"
"1","Fall",18,-0.00929911719241197,0.00882629569351487,-0.929911719241197,0.882629569351487
"2","Spring",29,-0.00218644777074525,0.00467764637764013,-0.218644777074525,0.467764637764013
"3","Summer",15,-0.00441554594786006,0.00588954492129167,-0.441554594786006,0.588954492129168
"4","Winter",31,-0.0030194113701884,0.00512580609115211,-0.30194113701884,0.512580609115211
