"","Season","n","mean_Prop_Diff","sd_Prop_Diff","mean_Perc_Diff","sd_Perc_Diff"
"1","Fall",9,-0.00171968961652861,0.00164757002995525,-0.171968961652861,0.164757002995525
"2","Spring",29,-0.000316254564564242,0.000463603848449123,-0.0316254564564242,0.0463603848449123
"3","Summer",28,-0.00212077053800577,0.00152253073656006,-0.212077053800577,0.152253073656006
"4","Winter",11,-0.000791834462956798,0.000800125436121756,-0.0791834462956798,0.0800125436121756
