"","Season","n","mean_Prop_Diff","sd_Prop_Diff","mean_Perc_Diff","sd_Perc_Diff"
"1","Fall",3,-0.00114835007526278,0.00053293834492747,-0.114835007526278,0.053293834492747
"2","Spring",6,-0.000155258999513792,0.000167695662590072,-0.0155258999513792,0.0167695662590072
"3","Summer",25,-0.00478322811869504,0.00229462516513714,-0.478322811869504,0.229462516513714
"4","Winter",3,-0.000463616589849761,0.000666469243061562,-0.0463616589849761,0.0666469243061562
