"","Season","n","mean_Prop_Diff","sd_Prop_Diff","mean_Perc_Diff","sd_Perc_Diff"
"1","Fall",105,-0.000674041848099919,0.00199096580371714,-0.0674041848099919,0.199096580371714
"2","Spring",104,-0.000372404338992592,0.000590015174544264,-0.0372404338992592,0.0590015174544264
"3","Summer",134,-0.000349478833019557,0.00043016186085185,-0.0349478833019557,0.043016186085185
"4","Winter",77,-0.000162300850307409,0.00039417539201229,-0.0162300850307409,0.039417539201229
