"","Season","n","mean_Prop_Diff","sd_Prop_Diff","mean_Perc_Diff","sd_Perc_Diff"
"1","Fall",15,-0.00190306672671662,0.00125168315163672,-0.190306672671662,0.125168315163672
"2","Spring",15,-0.00209734476353288,0.00300689280443884,-0.209734476353288,0.300689280443883
"3","Summer",27,-0.00509280276582674,0.00456669069562364,-0.509280276582674,0.456669069562364
"4","Winter",7,-0.000133629724768618,0.000260405636560084,-0.0133629724768618,0.0260405636560084
