"","Season","n","mean_Prop_Diff","sd_Prop_Diff","mean_Perc_Diff","sd_Perc_Diff"
"1","Fall",15,-0.000176560321001915,0.000181928433193257,-0.0176560321001915,0.0181928433193257
"2","Spring",83,-0.000120882860783784,0.000124674948970642,-0.0120882860783784,0.0124674948970642
"3","Summer",47,-0.000118873367804563,0.000153321577151465,-0.0118873367804563,0.0153321577151465
"4","Winter",6,-0.000154361288862643,8.82697001098048e-05,-0.0154361288862643,0.00882697001098048
