"","Season","n","mean_Prop_Diff","sd_Prop_Diff","mean_Perc_Diff","sd_Perc_Diff"
"1","Fall",7,-0.000215827348537643,0.000150794392616039,-0.0215827348537643,0.0150794392616039
"2","Spring",6,-3.99359861468821e-06,0.000205910030516355,-0.000399359861468821,0.0205910030516355
"3","Summer",45,-0.00609945845253647,0.00467076147330555,-0.609945845253647,0.467076147330555
"4","Winter",1,-0.000461880290352448,NA,-0.0461880290352448,NA
