"","Season","n","mean_Prop_Diff","sd_Prop_Diff","mean_Perc_Diff","sd_Perc_Diff"
"1","Fall",4,-0.000251987354090292,0.000186870748555061,-0.0251987354090292,0.0186870748555061
"2","Spring",15,-0.00144170517540343,0.00248177217750874,-0.144170517540343,0.248177217750874
"3","Summer",19,-0.00213275322709229,0.00152483279133975,-0.213275322709229,0.152483279133975
"4","Winter",1,-0.000138630368923138,NA,-0.0138630368923138,NA
