"","Season","n","mean_Prop_Diff","sd_Prop_Diff","mean_Perc_Diff","sd_Perc_Diff"
"1","Spring",9,-0.000387221904547513,0.000222329868360035,-0.0387221904547513,0.0222329868360035
"2","Summer",2,-0.000248713323491716,5.62631937540089e-05,-0.0248713323491716,0.00562631937540089
