"","Season","n","mean_Prop_Diff","sd_Prop_Diff","mean_Perc_Diff","sd_Perc_Diff"
"1","Fall",138,-0.0002484892406977,0.000447309843377995,-0.02484892406977,0.0447309843377995
"2","Spring",147,-0.00020616224054827,0.000312786028875897,-0.020616224054827,0.0312786028875897
"3","Summer",147,-0.00015289743163245,0.000275183565409727,-0.015289743163245,0.0275183565409727
"4","Winter",143,-0.000176539726335586,0.000280664735663898,-0.0176539726335586,0.0280664735663898
