"","Season","n","mean_Prop_Diff","sd_Prop_Diff","mean_Perc_Diff","sd_Perc_Diff"
"1","Fall",17,-0.0175410056889736,0.0169086861041833,-1.75410056889736,1.69086861041833
"2","Spring",29,-0.0310010469489697,0.0548184712480642,-3.10010469489697,5.48184712480642
"3","Summer",23,-0.0794766227682021,0.0550841195286018,-7.94766227682021,5.50841195286018
"4","Winter",50,-0.0172396470308578,0.0260953760774189,-1.72396470308578,2.60953760774189
