"","Season","n","mean_Prop_Diff","sd_Prop_Diff","mean_Perc_Diff","sd_Perc_Diff"
"1","Fall",9,-0.00241393300572232,0.00189407786680867,-0.241393300572232,0.189407786680867
"2","Spring",9,-0.000421754884738838,0.000788211188490314,-0.0421754884738838,0.0788211188490314
"3","Summer",26,-0.00347323709507644,0.00265271602464567,-0.347323709507644,0.265271602464567
"4","Winter",4,-0.00157356204089626,0.00127368228584939,-0.157356204089626,0.127368228584939
