"","Season","n","mean_Prop_Diff","sd_Prop_Diff","mean_Perc_Diff","sd_Perc_Diff"
"1","Summer",10,-0.000605263714580297,0.000240086928091784,-0.0605263714580297,0.0240086928091784
