"","Year","Season","n","mean_Prop_Diff","sd_Prop_Diff","mean_Perc_Diff","sd_Perc_Diff"
"1","2004","Summer",1,-0.00286435604707156,NA,-0.286435604707156,NA
"2","2005","Summer",1,-0.000844054980803643,NA,-0.0844054980803643,NA
"3","2007","Summer",1,-0.000743046373114582,NA,-0.0743046373114582,NA
"4","2009","Summer",1,-0.000595045523871131,NA,-0.0595045523871131,NA
"5","2010","Summer",1,-0.00288332343392288,NA,-0.288332343392288,NA
"6","2012","Spring",1,-0.000658967155689719,NA,-0.0658967155689719,NA
"7","2014","Summer",1,-0.0012181332835977,NA,-0.12181332835977,NA
"8","2015","Summer",1,-0.000770056470807955,NA,-0.0770056470807955,NA
"9","2019","Fall",1,-0.00120145792297957,NA,-0.120145792297957,NA
