"","Season","n","mean_Prop_Diff","sd_Prop_Diff","mean_Perc_Diff","sd_Perc_Diff"
"1","Fall",1,-0.00120145792297957,NA,-0.120145792297957,NA
"2","Spring",1,-0.000658967155689719,NA,-0.0658967155689719,NA
"3","Summer",7,-0.00141685944474135,0.00101333741908226,-0.141685944474135,0.101333741908226
