"","Season","n","mean_Prop_Diff","sd_Prop_Diff","mean_Perc_Diff","sd_Perc_Diff"
"1","Fall",6,-0.00288023404837471,0.00204834850843059,-0.288023404837471,0.204834850843059
"2","Spring",2,-0.00107296149720761,0.000528882325675413,-0.107296149720761,0.0528882325675413
"3","Summer",14,-0.00414509068442164,0.00262515011386814,-0.414509068442164,0.262515011386814
"4","Winter",10,-0.00279083736505344,0.00112426905127599,-0.279083736505344,0.112426905127599
