"","Season","n","mean_Prop_Diff","sd_Prop_Diff","mean_Perc_Diff","sd_Perc_Diff"
"1","Fall",139,-0.000196040378537075,0.000435482819494688,-0.0196040378537075,0.0435482819494688
"2","Spring",178,-6.9634648813253e-05,0.000141617676152805,-0.0069634648813253,0.0141617676152805
"3","Summer",213,-5.07657955070733e-05,8.42124389357828e-05,-0.00507657955070734,0.00842124389357828
"4","Winter",144,-6.18882029532711e-05,9.35467341591742e-05,-0.0061888202953271,0.00935467341591742
