"","Season","n","mean_Prop_Diff","sd_Prop_Diff","mean_Perc_Diff","sd_Perc_Diff"
"1","Fall",97,-0.00171290737113315,0.00155754254489285,-0.171290737113315,0.155754254489285
"2","Spring",93,-0.00108442065405355,0.00137192006760977,-0.108442065405355,0.137192006760977
"3","Summer",105,-0.000916322641840713,0.00104255409396174,-0.0916322641840713,0.104255409396174
"4","Winter",79,-0.0018778177057691,0.00202158751994624,-0.18778177057691,0.202158751994624
