"","Season","n","mean_Prop_Diff","sd_Prop_Diff","mean_Perc_Diff","sd_Perc_Diff"
"1","Fall",7,-0.00118872504447173,0.000932633267040193,-0.118872504447173,0.0932633267040193
"2","Spring",24,-0.00818753638907628,0.00574095397129735,-0.818753638907628,0.574095397129735
"3","Summer",13,-0.00143153325473329,0.00202148105704693,-0.143153325473329,0.202148105704693
"4","Winter",2,-0.00783976301744238,0.0105641147975619,-0.783976301744238,1.05641147975619
