"","Season","n","mean_Prop_Diff","sd_Prop_Diff","mean_Perc_Diff","sd_Perc_Diff"
"1","Summer",2,-0.00664428170417052,0.00376964513627194,-0.664428170417052,0.376964513627194
