"","Season","n","mean_Prop_Diff","sd_Prop_Diff","mean_Perc_Diff","sd_Perc_Diff"
"1","Fall",82,-0.00356038534915868,0.00460412289215816,-0.356038534915868,0.460412289215816
"2","Spring",134,-0.000910557478002448,0.00101578467625089,-0.0910557478002448,0.101578467625089
"3","Summer",136,-0.0013194913948952,0.00256291908417356,-0.13194913948952,0.256291908417356
"4","Winter",77,-0.000961243539572359,0.00114244826983852,-0.0961243539572359,0.114244826983852
