"","Season","n","mean_Prop_Diff","sd_Prop_Diff","mean_Perc_Diff","sd_Perc_Diff"
"1","Fall",10,-0.000317211175125836,0.000443590595661957,-0.0317211175125836,0.0443590595661957
"2","Spring",23,-0.00253369779565792,0.00258533408323781,-0.253369779565792,0.258533408323781
"3","Summer",17,-0.00114236774948681,0.000802924125787923,-0.114236774948681,0.0802924125787923
"4","Winter",3,-0.000339100369911426,0.000523686204199271,-0.0339100369911426,0.0523686204199271
