"","Season","n","mean_Prop_Diff","sd_Prop_Diff","mean_Perc_Diff","sd_Perc_Diff"
"1","Fall",4,-0.00335284914520297,0.00559764093550177,-0.335284914520297,0.559764093550177
"2","Spring",10,-0.00330026047533472,0.0041340396978244,-0.330026047533472,0.413403969782441
"3","Summer",21,-0.00409345049384147,0.00237363534242443,-0.409345049384147,0.237363534242443
"4","Winter",3,-0.00697808828202637,0.0111538542913024,-0.697808828202637,1.11538542913024
