"","Season","n","mean_Prop_Diff","sd_Prop_Diff","mean_Perc_Diff","sd_Perc_Diff"
"1","Fall",12,-0.0003671837727964,0.000394154098861952,-0.03671837727964,0.0394154098861952
"2","Spring",39,-0.00077000178013439,0.00110850947356903,-0.077000178013439,0.110850947356903
"3","Summer",43,-0.00234170657791812,0.00219431520984358,-0.234170657791812,0.219431520984358
"4","Winter",1,-1.22963418383478e-05,NA,-0.00122963418383478,NA
