"","Season","n","mean_Prop_Diff","sd_Prop_Diff","mean_Perc_Diff","sd_Perc_Diff"
"1","Fall",2,-0.000268336567126418,0.000365376139148905,-0.0268336567126418,0.0365376139148905
"2","Spring",6,-0.0023249032287366,0.00225980936226328,-0.23249032287366,0.225980936226328
"3","Summer",16,-0.00187371622506802,0.00171015988290176,-0.187371622506802,0.171015988290176
"4","Winter",1,-0.00164315380051425,NA,-0.164315380051425,NA
