"","Season","n","mean_Prop_Diff","sd_Prop_Diff","mean_Perc_Diff","sd_Perc_Diff"
"1","Fall",7,-0.000247204251463847,0.000394261372968091,-0.0247204251463847,0.0394261372968091
"2","Spring",21,-0.000775871884625047,0.00160070728769671,-0.0775871884625046,0.160070728769671
"3","Summer",27,-0.00367340951290275,0.00199308107641493,-0.367340951290275,0.199308107641493
"4","Winter",3,-0.000392412482505886,0.000378423285674551,-0.0392412482505886,0.0378423285674551
