"","Season","n","mean_Prop_Diff","sd_Prop_Diff","mean_Perc_Diff","sd_Perc_Diff"
"1","Fall",2,-0.000233847224566405,9.26351534927821e-05,-0.0233847224566405,0.00926351534927821
"2","Spring",1,-0.000264086044034719,NA,-0.0264086044034719,NA
"3","Summer",19,-0.00128403008001037,0.00110414287658551,-0.128403008001037,0.110414287658551
"4","Winter",1,-0.000458746660433418,NA,-0.0458746660433418,NA
