"","Season","n","mean_Prop_Diff","sd_Prop_Diff","mean_Perc_Diff","sd_Perc_Diff"
"1","Fall",33,-0.00101245837506295,0.00187415200818116,-0.101245837506295,0.187415200818116
"2","Spring",75,-0.000502893449405026,0.00103705339403936,-0.0502893449405026,0.103705339403936
"3","Summer",33,-0.00741057507884888,0.00497478267952303,-0.741057507884888,0.497478267952303
"4","Winter",23,-0.000707149675827906,0.000986346373066931,-0.0707149675827907,0.0986346373066931
