"","Season","n","mean_Prop_Diff","sd_Prop_Diff","mean_Perc_Diff","sd_Perc_Diff"
"1","Fall",77,-0.000841827151218261,0.00112497098699423,-0.0841827151218261,0.112497098699423
"2","Spring",116,-0.000367462644981299,0.00046452221567633,-0.0367462644981299,0.046452221567633
"3","Summer",128,-0.000370065960708533,0.000512194865824065,-0.0370065960708533,0.0512194865824065
"4","Winter",102,-0.000303892962752528,0.000506930466275862,-0.0303892962752528,0.0506930466275862
