"","Season","n","mean_Prop_Diff","sd_Prop_Diff","mean_Perc_Diff","sd_Perc_Diff"
"1","Spring",9,-6.5233413857583e-05,7.69215932269713e-05,-0.0065233413857583,0.00769215932269713
"2","Summer",8,-0.00123874131350081,0.00131893456189923,-0.123874131350081,0.131893456189923
