"","Season","n","mean_Prop_Diff","sd_Prop_Diff","mean_Perc_Diff","sd_Perc_Diff"
"1","Fall",5,-0.000344399581136686,0.000234762447886869,-0.0344399581136686,0.0234762447886869
"2","Spring",33,-0.00113487661972656,0.00112371723781235,-0.113487661972656,0.112371723781235
"3","Summer",43,-0.00114652724719951,0.00135103772265702,-0.114652724719951,0.135103772265702
"4","Winter",1,-0.0224262040289855,NA,-2.24262040289855,NA
