"","Season","n","mean_Prop_Diff","sd_Prop_Diff","mean_Perc_Diff","sd_Perc_Diff"
"1","Fall",7,-0.00243710043117895,0.00171864376260876,-0.243710043117895,0.171864376260876
"2","Spring",5,-0.00127514925230782,0.00137868196215027,-0.127514925230782,0.137868196215027
"3","Summer",30,-0.00269640129805824,0.00205111756277188,-0.269640129805824,0.205111756277188
"4","Winter",6,-0.00225984873281783,0.00107641625862099,-0.225984873281783,0.107641625862099
