"","Season","n","mean_Prop_Diff","sd_Prop_Diff","mean_Perc_Diff","sd_Perc_Diff"
"1","Fall",149,-0.000341522044574041,0.000613666290308483,-0.0341522044574041,0.0613666290308483
"2","Spring",148,-0.000395539864083765,0.000656478819909213,-0.0395539864083765,0.0656478819909213
"3","Summer",184,-0.00025494048565289,0.000494051430039085,-0.025494048565289,0.0494051430039085
"4","Winter",131,-0.000372624068950565,0.000683988506058052,-0.0372624068950565,0.0683988506058052
