"","Season","n","mean_Prop_Diff","sd_Prop_Diff","mean_Perc_Diff","sd_Perc_Diff"
"1","Fall",6,-0.000375427052325226,0.000602206273415234,-0.0375427052325226,0.0602206273415234
"2","Spring",14,-0.000172751398052667,0.000335629466457885,-0.0172751398052667,0.0335629466457885
"3","Summer",45,-0.00286649449733324,0.00285139321874373,-0.286649449733324,0.285139321874373
"4","Winter",3,-7.99131984537031e-05,4.13047816034213e-05,-0.00799131984537031,0.00413047816034213
