"","Season","n","mean_Prop_Diff","sd_Prop_Diff","mean_Perc_Diff","sd_Perc_Diff"
"1","Fall",1,-0.000859110214938459,NA,-0.0859110214938459,NA
"2","Spring",7,-0.000409810450693297,0.000401642217880464,-0.0409810450693298,0.0401642217880464
"3","Summer",26,-0.00128022369168103,0.000583600675496635,-0.128022369168103,0.0583600675496635
