"","Season","n","mean_Prop_Diff","sd_Prop_Diff","mean_Perc_Diff","sd_Perc_Diff"
"1","Fall",8,2.94160941982185e-05,0.00282777795531649,0.00294160941982186,0.282777795531649
"2","Spring",13,-0.00664970339307846,0.00458152945199374,-0.664970339307846,0.458152945199374
"3","Summer",13,-0.00323003175692997,0.00197885606763107,-0.323003175692997,0.197885606763107
"4","Winter",3,-0.000544444970204459,0.000195853428658412,-0.0544444970204459,0.0195853428658412
