"","Season","n","mean_Prop_Diff","sd_Prop_Diff","mean_Perc_Diff","sd_Perc_Diff"
"1","Fall",6,-0.00140798014115517,0.00100927490880699,-0.140798014115517,0.100927490880699
"2","Spring",28,-0.01220034393402,0.013206443961531,-1.220034393402,1.3206443961531
"3","Summer",12,-0.0138104061195667,0.00569486778695154,-1.38104061195667,0.569486778695154
"4","Winter",6,-0.00209839070521088,0.00216750813178952,-0.209839070521088,0.216750813178952
