"","Season","n","mean_Prop_Diff","sd_Prop_Diff","mean_Perc_Diff","sd_Perc_Diff"
"1","Fall",75,-0.000115133611052787,0.000189041631595865,-0.0115133611052787,0.0189041631595865
"2","Spring",69,-0.000120995748920386,0.000234980483761416,-0.0120995748920386,0.0234980483761416
"3","Summer",74,-0.000246388752615068,0.000371014195435037,-0.0246388752615068,0.0371014195435037
"4","Winter",75,-0.000211250207663947,0.000305618560672532,-0.0211250207663947,0.0305618560672532
