"","Season","n","mean_Prop_Diff","sd_Prop_Diff","mean_Perc_Diff","sd_Perc_Diff"
"1","Fall",1,-0.00335462669903674,NA,-0.335462669903674,NA
"2","Spring",1,-0.000522642565277533,NA,-0.0522642565277533,NA
"3","Summer",8,-0.00196198255081821,0.00107753069416796,-0.196198255081821,0.107753069416796
