"","Year","Season","n","mean_Prop_Diff","sd_Prop_Diff","mean_Perc_Diff","sd_Perc_Diff"
"1","2002","Summer",1,-0.00183208539111031,NA,-0.183208539111031,NA
"2","2003","Summer",1,-0.0039374058880181,NA,-0.39374058880181,NA
"3","2004","Summer",1,-0.00258189360246318,NA,-0.258189360246318,NA
"4","2009","Summer",1,-0.000548598436494437,NA,-0.0548598436494437,NA
"5","2010","Spring",1,-0.000522642565277533,NA,-0.0522642565277533,NA
"6","2010","Summer",1,-0.00215542289608545,NA,-0.215542289608545,NA
"7","2013","Summer",1,-0.000662626780809478,NA,-0.0662626780809478,NA
"8","2018","Summer",2,-0.00198891370578238,0.000314954948909624,-0.198891370578238,0.0314954948909624
"9","2019","Fall",1,-0.00335462669903674,NA,-0.335462669903674,NA
