"","Season","n","mean_Prop_Diff","sd_Prop_Diff","mean_Perc_Diff","sd_Perc_Diff"
"1","Fall",55,-0.00397864796542372,0.0039991519475185,-0.397864796542372,0.39991519475185
"2","Spring",79,-0.000686703534158309,0.00121993763810427,-0.0686703534158309,0.121993763810427
"3","Summer",70,-0.000252805805176316,0.000236882708607645,-0.0252805805176316,0.0236882708607645
"4","Winter",102,-0.00121165798737766,0.00232900544284671,-0.121165798737766,0.232900544284671
