"","Season","n","mean_Prop_Diff","sd_Prop_Diff","mean_Perc_Diff","sd_Perc_Diff"
"1","Spring",1,-0.000227332466628313,NA,-0.0227332466628313,NA
"2","Summer",4,-0.000898650112843742,0.000223845074292892,-0.0898650112843742,0.0223845074292892
