"","Year","Season","n","mean_Prop_Diff","sd_Prop_Diff","mean_Perc_Diff","sd_Perc_Diff"
"1","2007","Summer",1,-0.000946731522125942,NA,-0.0946731522125942,NA
"2","2011","Spring",1,-0.000227332466628313,NA,-0.0227332466628313,NA
"3","2012","Summer",1,-0.000575676597680306,NA,-0.0575676597680306,NA
"4","2017","Summer",1,-0.00109047126809264,NA,-0.109047126809264,NA
"5","2019","Summer",1,-0.000981721063476084,NA,-0.0981721063476084,NA
