Year, Number of Drawdowns, Percent of Year in Drawdown, Average Days of Drawdown, SD of Drawdown, Average Percent Difference, SD Percent Difference, Average Rate of Change, SD Rate of Change, Max Daily Drawdown
2004,1,0.16712328767123288,61.0,0.0,-0.002087044247229588,0.0,-0.11413793103448087,0.0,-6.619999999999891
2010,1,0.0273972602739726,10.0,0.0,-0.0002478610221286441,0.0,-0.2633333333333212,0.0,-0.7899999999999636
2011,2,0.06575342465753424,12.0,3.0,-0.0003765708942146583,0.00013494768834541664,-0.2604166666666667,0.12458333333332423,-1.6300000000001091
2014,1,0.019178082191780823,7.0,0.0,-0.00020397404194950113,0.0,-0.3249999999998181,0.0,-0.6499999999996362
2015,5,0.12054794520547946,8.8,0.9797958971132713,-0.0005378036043422649,0.00023876512937965946,-0.30802380952380715,0.07166870745392889,-2.849999999999909
2018,2,0.09315068493150686,17.0,9.0,-0.0003734315373138693,0.0001914107932256435,-0.10999999999999469,0.03499999999998712,-1.800000000000182
2019,3,0.09315068493150686,11.333333333333334,1.699673171197595,-0.0005815646046532431,0.00015893164137143026,-0.2728703703703736,0.1074571245087223,-2.549999999999727
2020,1,0.024657534246575342,9.0,0.0,-0.0002951010093082564,0.0,-0.1880000000000109,0.0,-0.9400000000000546
