Year, Number of Drawdowns, Percent of Year in Drawdown, Average Days of Drawdown, SD of Drawdown, Average Percent Difference, SD Percent Difference, Average Rate of Change, SD Rate of Change, Max Daily Drawdown
2002,1,0.15616438356164383,57.0,0.0,-0.0006193111689716699,0.0,-0.025357142857144157,0.0,-1.4200000000000728
2003,1,0.09041095890410959,33.0,0.0,-0.0011089039750278157,0.0,-0.08466666666666546,0.0,-2.5399999999999636
2007,1,0.0273972602739726,10.0,0.0,-0.0005196188879282728,0.0,-0.17000000000000778,0.0,-1.1900000000000546
2008,1,0.07671232876712329,28.0,0.0,-0.0007930110455110623,0.0,-0.07583333333334015,0.0,-1.8200000000001637
2010,1,0.16712328767123288,61.0,0.0,-0.000804739699331809,0.0,-0.030833333333331818,0.0,-1.849999999999909
2011,1,0.03287671232876712,12.0,0.0,-0.0003395777916123177,0.0,-0.08666666666663837,0.0,-0.7799999999997453
2013,2,0.052054794520547946,9.5,0.5,-0.00044700017044825823,2.4097137317836406e-05,-0.15062500000000983,0.029374999999978016,-1.0799999999999272
2014,1,0.07123287671232877,26.0,0.0,-0.0008294625082946648,0.0,-0.07916666666667045,0.0,-1.900000000000091
2017,1,0.07671232876712329,28.0,0.0,-0.0004971826317533419,0.0,-0.04384615384614895,0.0,-1.1399999999998727
