Year, Number of Drawdowns, Percent of Year in Drawdown, Average Days of Drawdown, SD of Drawdown, Average Percent Difference, SD Percent Difference, Average Rate of Change, SD Rate of Change, Max Daily Drawdown
2005,1,0.21095890410958903,77.0,0.0,-0.0059782002986872515,0.0,-0.1764473684210567,0.0,-13.41000000000031
2017,1,0.03287671232876712,12.0,0.0,-0.002330700504985223,0.0,-0.4745454545454777,0.0,-5.220000000000255
2021,1,0.0273972602739726,10.0,0.0,-0.0012302754747259598,0.0,-0.3066666666666909,0.0,-2.7600000000002183
