Year, Number of Drawdowns, Percent of Year in Drawdown, Average Days of Drawdown, SD of Drawdown, Average Percent Difference, SD Percent Difference, Average Rate of Change, SD Rate of Change, Max Daily Drawdown
1998,1,0.01643835616438356,6.0,0.0,-0.00015890154746666058,0.0,-0.24400000000005093,0.0,-1.2200000000002547
2001,1,0.03561643835616438,13.0,0.0,-0.0005186411081717984,0.0,-0.3316666666666303,0.0,-3.9799999999995634
2008,1,0.019178082191780823,7.0,0.0,-0.00013027448834694702,0.0,-0.16666666666666666,0.0,-1.0
2010,1,0.0273972602739726,10.0,0.0,-0.00013807009271542194,0.0,-0.11777777777782224,0.0,-1.0600000000004002
2011,1,0.0273972602739726,10.0,0.0,-0.0005718662640589644,0.0,-0.48777777777781417,0.0,-4.390000000000327
2013,1,0.0410958904109589,15.0,0.0,-0.0002539948836312435,0.0,-0.1392857142857013,0.0,-1.949999999999818
2017,2,0.049315068493150684,9.0,1.0,-0.0002573530819429528,0.00012704379284527947,-0.2353174603174502,0.09246031746030736,-2.949999999999818
2018,1,0.0136986301369863,5.0,0.0,-0.00013417293458349664,0.0,-0.25749999999993634,0.0,-1.0299999999997453
