Year, Number of Drawdowns, Percent of Year in Drawdown, Average Days of Drawdown, SD of Drawdown, Average Percent Difference, SD Percent Difference, Average Rate of Change, SD Rate of Change, Max Daily Drawdown
1997,1,0.057534246575342465,21.0,0.0,-0.006746554592754184,0.0,-0.7014999999999872,0.0,-14.029999999999745
2009,2,0.12054794520547946,22.0,2.0,-0.006925030361323243,0.0011998945636016128,-0.6810297482837578,0.05418764302058365,-16.909999999999854
2011,1,0.03561643835616438,13.0,0.0,-0.002004714702529366,0.0,-0.34583333333334093,0.0,-4.150000000000091
2012,1,0.08493150684931507,31.0,0.0,-0.00115747467116112,0.0,-0.07966666666667759,0.0,-2.3900000000003274
2013,1,0.136986301369863,50.0,0.0,-0.0009348691667553919,0.0,-0.03938775510203747,0.0,-1.9299999999998363
2014,1,0.08493150684931507,31.0,0.0,-0.0038306217876878292,0.0,-0.26433333333332787,0.0,-7.929999999999836
2019,1,0.06301369863013699,23.0,0.0,-0.006129622496147928,0.0,-0.5786363636363645,0.0,-12.730000000000018
