Year, Number of Drawdowns, Percent of Year in Drawdown, Average Days of Drawdown, SD of Drawdown, Average Percent Difference, SD Percent Difference, Average Rate of Change, SD Rate of Change, Max Daily Drawdown
2016,4,0.46301369863013697,42.25,40.38177187791541,-0.0005597943948023356,0.00048107914688659656,-0.12922545948200417,0.07747071043607702,-10.829999999999927
2017,3,0.2410958904109589,29.333333333333332,14.007934259633798,-0.0006947499992298447,0.000348905699164397,-0.2422346041056198,0.008516937868993086,-10.7400000000016
2018,2,0.15616438356164383,28.5,9.5,-0.00033534788472878557,0.00019421875157196164,-0.11065315315313634,0.03231981981981109,-5.289999999999054
2019,3,0.5342465753424658,65.0,77.07572034477957,-0.0015161450886170553,0.0020421448896478273,-0.13595632626848372,0.08474070897903101,-44.149999999999636
2020,3,0.19452054794520549,23.666666666666668,17.326921891156037,-0.0003355254092691744,0.00041025447527317545,-0.09809192580469672,0.07177660142605237,-9.139999999999418
2021,1,0.0273972602739726,10.0,0.0,-2.206082168550335e-05,0.0,-0.024444444444573794,0.0,-0.22000000000116415
