Year, Number of Drawdowns, Percent of Year in Drawdown, Average Days of Drawdown, SD of Drawdown, Average Percent Difference, SD Percent Difference, Average Rate of Change, SD Rate of Change, Max Daily Drawdown
2004,1,0.16986301369863013,62.0,0.0,-0.0020681284383423275,0.0,-0.10754098360655648,0.0,-6.559999999999945
2010,1,0.030136986301369864,11.0,0.0,-0.0001286367330034338,0.0,-0.04099999999998545,0.0,-0.4099999999998545
2011,3,0.08493150684931507,10.333333333333334,4.4969125210773475,-0.00014121641566862265,0.00018709938324404092,-0.02516666666665852,0.04785065501313625,-1.2699999999999818
2014,1,0.021917808219178082,8.0,0.0,-5.02089949413981e-05,0.0,-0.022857142857122068,0.0,-0.15999999999985448
2015,5,0.13424657534246576,9.8,0.9797958971132713,-0.00026356032377053645,0.0002031198459187689,-0.09139682539681966,0.07178924109722885,-1.900000000000091
2018,2,0.09863013698630137,18.0,9.0,-0.0002761472074528225,0.00022907287708528619,-0.040336538461518176,0.021586538461563647,-1.6100000000001273
2019,3,0.10136986301369863,12.333333333333334,1.699673171197595,-0.0005125265659670796,0.00015230994279984923,-0.1452991452991466,0.038442350389298115,-2.319999999999709
2020,1,0.038356164383561646,14.0,0.0,-0.00029196163686873855,0.0,-0.07153846153844895,0.0,-0.9299999999998363
