Year, Number of Drawdowns, Percent of Year in Drawdown, Average Days of Drawdown, SD of Drawdown, Average Percent Difference, SD Percent Difference, Average Rate of Change, SD Rate of Change, Max Daily Drawdown
2016,8,0.5041095890410959,23.0,17.18284027743958,-0.0003253815045580186,0.0003434347092827085,-0.14244981117075137,0.06935646541645536,-0.46999999999934516
2017,9,0.4986301369863014,20.22222222222222,19.16465367851149,-0.0003266188882320774,0.00039594527086683014,-0.13647265191057512,0.10662453804198083,-0.7000000000007276
2018,13,0.4465753424657534,12.538461538461538,7.642144127396795,-8.471677545698584e-05,0.0001307356530370299,-0.059072508687929154,0.041560316563172064,-0.3599999999987631
2019,9,0.6328767123287671,25.666666666666668,49.66107351056985,-0.0005277446116923164,0.0013726259287773043,-0.08408529741856265,0.07815786138712442,-0.6000000000003638
2020,13,0.4821917808219178,13.538461538461538,11.579925498733271,-0.0001310229787959398,0.00022673355443670153,-0.08292172739540919,0.06667421770345652,-0.5200000000004366
2021,3,0.06575342465753424,8.0,2.160246899469287,-4.679475061859772e-05,3.7814650249512446e-05,-0.06574074074082832,0.04341003025821412,-0.25
