Year, Number of Drawdowns, Percent of Year in Drawdown, Average Days of Drawdown, SD of Drawdown, Average Percent Difference, SD Percent Difference, Average Rate of Change, SD Rate of Change, Max Daily Drawdown
2002,1,0.13150684931506848,48.0,0.0,-0.0018320853911103065,0.0,-0.07340425531914506,0.0,-3.449999999999818
2003,1,0.14520547945205478,53.0,0.0,-0.003937405888018096,0.0,-0.14230769230769405,0.0,-7.400000000000091
2004,1,0.09863013698630137,36.0,0.0,-0.002581893602463184,0.0,-0.13799999999999793,0.0,-4.829999999999927
2009,1,0.049315068493150684,18.0,0.0,-0.0005485984364944368,0.0,-0.06117647058823315,0.0,-1.0399999999999636
2010,2,0.19452054794520549,35.5,16.5,-0.0013390327306814934,0.0008163901654039601,-0.06750000000000177,0.01250000000000126,-4.080000000000155
2013,1,0.057534246575342465,21.0,0.0,-0.0006626267808094783,0.0,-0.06200000000000046,0.0,-1.240000000000009
2018,2,0.15342465753424658,28.0,1.0,-0.0019889137057823815,0.00022270678014225747,-0.13942307692308037,0.010576923076921263,-4.2000000000000455
2019,1,0.07945205479452055,29.0,0.0,-0.003354626699036738,0.0,-0.2274999999999961,0.0,-6.369999999999891
